MD1 DAY,Candiddayteacher@gmail.com,Maguy Day,
NH1 NH2 NH HENRY,colleur.henry@gmail.com,Nicolas Henry,
DM1 DM2 DM MEHARG,daniel.meharg@sorbonne-nouvelle.fr,Daniel Meharg,
MJB JEANBOURQUIN,mjbcharlemagne@gmail.com,Mathieu Jeanbourquin-Bailly,06 51 67 62 64
KM MANWANI,karishma.manwani@hotmail.com,Manwani,
MD2 DRONIOU,morganedroniou@gmail.com,Morgane Droniou,06 62 30 42 18
MD,Précise le numéro car deux colleuses ont ce code : Day et Droniou,,1
,,,
,,,
,,,
MM MALRIC,marc.malric@gmail.com,Marc Malric,
LS1 LS2 LS SCHNUBEL,lucaschnubel@gmail.com,Lucas Schnubel,
OK1 OK2 OK KHALIFA,Ottavio.khalifa@ensae.fr,Ottavio Khalifa,
IC1 IC2 IC CAILLETEAU,irene.cailleteau@protonmail.com,Irène Cailleteau,
IB1 IB2 IB BANNWARTH BANWARTH BANNWART BANWART BANI BANNI,Ivan.bannwarth@gmail.com,Ivan Bannwarth,
AR1 AR2 AR ROGIER,antoine.rogier@protonmail.com,Antoine Rogier,
SH1 SH2 SH HEMON,hemon.s@hotmail.fr,Sébastien Hémon,
ALB1 ALB2 ALB BIOLLEY,,Anne-Laure Biolley,
LGJ LGV GAVINI,laurentgavini@yahoo.fr,Laurent Gavini,
,,,
,,,
,,,
SCT1 SCT2 SCT SOLENE THERY,solene.thery@gmail.com,Solène Chevalier-Théry,
JCP1 JCP2 JCP PELHATE PELATE,jcpelhate@gmail.com,Jean-Christophe Pelhate,
HC1 HC2 HC HCL HCM CHABANE,chabane.classroom@gmail.com,Hakima Chabane,
GA ALOZY,gilles.alozy@gmail.com,Gilles Alozy,
LC CROS,hayclgame@gmail.com,Lucie Cros,
CC CHOLET, cyriaque.cholet@ac-versailles.fr, Cyriaque Cholet,
,,,
,,,
,,,
DL DYLAN LAIRD,dylan@ens-ulm.psl.eu,,1
EM ELIOTT ELLIOT ELLIOTT ELIOT MACE MASSAGE,lamachine@ph.com,,1
RH REMI HEMMADI HEMADI,sanctionneur@gmail.com,,1
TP THEO TILLEUL PICHAVANT,un.veritable.chien.fou@thé.com,,1
AP AJAY PROBST,pain@keman.com,,1
TT TRISTAN,tt,,1
AG ANTOINE GROUDIEV, antoine.groudiev@protonmail.com
,,,
,,,
,,,
NC1 NC2 NC CHOQUET CHOQUOS CHOCOS NICO NICOLAS,mpsi2.choquet@gmail.com,,1
JW1 JW1 JW WATTIEZ JOHANN,Tu veux le mail de Grattiez là ?,,1
PPN1 PPN2 PPN PAPANICOLA ROBERT ROBZ,rpapanicola@gmail.com,Robert Papanicola,
SEGU SEGUGU SEGURET YSABEL ISABELLE,ysegur@yahoo.com,Isabelle Seguret,
OBV OBLIVIER BRUNET BRUBRU OLIVIER,olivier.brunet2@ac-paris.fr,Olivier Brunet,
,,,
,,,
,,,
PESSI,:smirk:,,1
,,,
,,,
,,,
,,,
,,,
,,,